video,frame,time_s,head_food_dist
IMG_2855_dish0.mp4,41379,1379.9439738544654,250.65056760356126
IMG_2855_dish0.mp4,41379,1379.9439738544654,187.26883855159684
IMG_2855_dish0.mp4,41379,1379.9439738544654,190.32562596052472
IMG_2855_dish0.mp4,41379,1379.9439738544654,15.715186031959355
IMG_2855_dish0.mp4,41379,1379.9439738544654,69.46161486314601
IMG_2855_dish0.mp4,41379,1379.9439738544654,168.73820186697472
IMG_2855_dish0.mp4,41379,1379.9439738544654,104.94484463315483
IMG_2855_dish0.mp4,41379,1379.9439738544654,80.46504584752414
IMG_2855_dish0.mp4,41379,1379.9439738544654,288.85223444904716
IMG_2855_dish0.mp4,14189,473.1874874941639,283.59499674591615
IMG_2855_dish0.mp4,14189,473.1874874941639,297.7564460673304
IMG_2855_dish0.mp4,14189,473.1874874941639,358.3560681090765
IMG_2855_dish0.mp4,14189,473.1874874941639,419.03447477403984
IMG_2855_dish0.mp4,14189,473.1874874941639,284.6517426922052
IMG_2855_dish0.mp4,14189,473.1874874941639,412.5816229556485
IMG_2855_dish0.mp4,14189,473.1874874941639,397.1318500080655
IMG_2855_dish0.mp4,14189,473.1874874941639,348.8369878791934
IMG_2855_dish0.mp4,14189,473.1874874941639,319.67492394761666
IMG_2855_dish0.mp4,40776,1359.8345894750885,243.71966501735858
IMG_2855_dish0.mp4,40776,1359.8345894750885,182.66561107259378
IMG_2855_dish0.mp4,40776,1359.8345894750885,184.31265253027019
IMG_2855_dish0.mp4,40776,1359.8345894750885,57.19639736721755
IMG_2855_dish0.mp4,40776,1359.8345894750885,67.95136796570686
IMG_2855_dish0.mp4,40776,1359.8345894750885,69.09752802938826
IMG_2855_dish0.mp4,40776,1359.8345894750885,146.75185880274975
IMG_2855_dish0.mp4,40776,1359.8345894750885,105.99047664349887
IMG_2855_dish0.mp4,40776,1359.8345894750885,266.8370102437347
IMG_2855_dish0.mp4,24920,831.0544920963116,244.50743079751396
IMG_2855_dish0.mp4,24920,831.0544920963116,331.87839114587035
IMG_2855_dish0.mp4,24920,831.0544920963116,373.8226774794529
IMG_2855_dish0.mp4,24920,831.0544920963116,183.72769037204557
IMG_2855_dish0.mp4,24920,831.0544920963116,260.6964089706193
IMG_2855_dish0.mp4,24920,831.0544920963116,130.80670398620546
IMG_2855_dish0.mp4,24920,831.0544920963116,211.1499303695664
IMG_2855_dish0.mp4,24920,831.0544920963116,94.60508201270223
IMG_2855_dish0.mp4,66062,2203.0947775628624,258.9666316560802
IMG_2855_dish0.mp4,66062,2203.0947775628624,63.38540025185206
IMG_2855_dish0.mp4,66062,2203.0947775628624,59.73725049330988
IMG_2855_dish0.mp4,66062,2203.0947775628624,79.03527371574043
IMG_2855_dish0.mp4,66062,2203.0947775628624,63.92466095399182
IMG_2855_dish0.mp4,66062,2203.0947775628624,83.85394849752402
IMG_2855_dish0.mp4,66062,2203.0947775628624,399.1736348452141
IMG_2855_dish0.mp4,66062,2203.0947775628624,448.9576154405961
IMG_2855_dish0.mp4,66062,2203.0947775628624,70.40462946036817
IMG_2855_dish0.mp4,51194,1707.2633895818049,148.558853378645
IMG_2855_dish0.mp4,51194,1707.2633895818049,239.9899125470533
IMG_2855_dish0.mp4,51194,1707.2633895818049,207.9560321593765
IMG_2855_dish0.mp4,51194,1707.2633895818049,252.06957514084382
IMG_2855_dish0.mp4,51194,1707.2633895818049,177.8133349188279
IMG_2855_dish0.mp4,51194,1707.2633895818049,244.9931460795662
IMG_2855_dish0.mp4,51194,1707.2633895818049,181.7121241431398
IMG_2855_dish0.mp4,51194,1707.2633895818049,73.30855546440328
IMG_2855_dish0.mp4,51194,1707.2633895818049,33.60067439295484
IMG_2855_dish0.mp4,21840,728.3398919495764,291.89542571894157
IMG_2855_dish0.mp4,21840,728.3398919495764,250.13127009554583
IMG_2855_dish0.mp4,21840,728.3398919495764,135.97254979028227
IMG_2855_dish0.mp4,21840,728.3398919495764,371.97088506423955
IMG_2855_dish0.mp4,21840,728.3398919495764,246.76655754249924
IMG_2855_dish0.mp4,21840,728.3398919495764,274.4821579354195
IMG_2855_dish0.mp4,21840,728.3398919495764,216.92440031699738
IMG_2855_dish0.mp4,21840,728.3398919495764,220.82175750448835
IMG_2855_dish0.mp4,21840,728.3398919495764,89.80098946441854
IMG_2855_dish0.mp4,22457,748.916160875075,275.4802880804795
IMG_2855_dish0.mp4,22457,748.916160875075,214.08167496744966
IMG_2855_dish0.mp4,22457,748.916160875075,248.5136562605847
IMG_2855_dish0.mp4,22457,748.916160875075,208.71898339906636
IMG_2855_dish0.mp4,22457,748.916160875075,408.2581641019113
IMG_2855_dish0.mp4,22457,748.916160875075,245.5504790685309
IMG_2855_dish0.mp4,22457,748.916160875075,390.9595991331968
IMG_2855_dish0.mp4,22457,748.916160875075,139.80761306888434
IMG_2855_dish0.mp4,22457,748.916160875075,88.37853914671354
IMG_2855_dish0.mp4,59088,1970.519575802041,402.14266597605086
IMG_2855_dish0.mp4,59088,1970.519575802041,285.9405498508666
IMG_2855_dish0.mp4,59088,1970.519575802041,397.96698889157403
IMG_2855_dish0.mp4,59088,1970.519575802041,423.3004605109721
IMG_2855_dish0.mp4,59088,1970.519575802041,65.74599656525545
IMG_2855_dish0.mp4,59088,1970.519575802041,55.427515875530865
IMG_2855_dish0.mp4,59088,1970.519575802041,68.81215421541083
IMG_2855_dish0.mp4,59088,1970.519575802041,106.63564188744935
IMG_2855_dish0.mp4,59088,1970.519575802041,66.75006547174013
IMG_2855_dish0.mp4,44887,1496.9319015540586,193.97758975408075
IMG_2855_dish0.mp4,44887,1496.9319015540586,59.66308557141346
IMG_2855_dish0.mp4,44887,1496.9319015540586,324.6909436206673
IMG_2855_dish0.mp4,44887,1496.9319015540586,258.9261395306564
IMG_2855_dish0.mp4,44887,1496.9319015540586,216.97172753682054
IMG_2855_dish0.mp4,44887,1496.9319015540586,58.41343762994626
IMG_2855_dish0.mp4,44887,1496.9319015540586,55.325194626144395
IMG_2855_dish0.mp4,44887,1496.9319015540586,263.0238133907246
IMG_2855_dish0.mp4,65843,2195.7913693056757,447.1345575152021
IMG_2855_dish0.mp4,65843,2195.7913693056757,247.23828015736927
IMG_2855_dish0.mp4,65843,2195.7913693056757,391.34568099812213
IMG_2855_dish0.mp4,65843,2195.7913693056757,51.78555973086965
IMG_2855_dish0.mp4,65843,2195.7913693056757,96.06420564012986
IMG_2855_dish0.mp4,65843,2195.7913693056757,75.4798083515574
IMG_2855_dish0.mp4,65843,2195.7913693056757,81.49552175964627
IMG_2855_dish0.mp4,65843,2195.7913693056757,87.62036003444672
IMG_2855_dish0.mp4,65843,2195.7913693056757,72.16627262045716
IMG_2855_dish0.mp4,68860,2296.404988994864,66.52232685444127
IMG_2855_dish0.mp4,68860,2296.404988994864,205.23180566686136
IMG_2855_dish0.mp4,68860,2296.404988994864,492.8018987125636
IMG_2855_dish0.mp4,68860,2296.404988994864,88.90719335423702
IMG_2855_dish0.mp4,68860,2296.404988994864,81.83196469941308
IMG_2855_dish0.mp4,68860,2296.404988994864,75.78485892572373
IMG_2855_dish0.mp4,68860,2296.404988994864,87.09573314997274
IMG_2855_dish0.mp4,68860,2296.404988994864,453.75650986219483
IMG_2855_dish0.mp4,68860,2296.404988994864,64.40755040028141
IMG_2855_dish0.mp4,44017,1467.918361902221,241.4453893187897
IMG_2855_dish0.mp4,44017,1467.918361902221,281.94229131098405
IMG_2855_dish0.mp4,44017,1467.918361902221,77.65928127203911
IMG_2855_dish0.mp4,44017,1467.918361902221,68.22223321029006
IMG_2855_dish0.mp4,44017,1467.918361902221,226.338772386715
IMG_2855_dish0.mp4,44017,1467.918361902221,262.7827176377083
IMG_2855_dish0.mp4,44017,1467.918361902221,113.65397302963954
IMG_2855_dish0.mp4,44017,1467.918361902221,86.4972515331387
IMG_2855_dish0.mp4,44017,1467.918361902221,336.9694576347864
IMG_2855_dish0.mp4,78598,2621.156539718535,207.61279177540436
IMG_2855_dish0.mp4,78598,2621.156539718535,288.9243807299603
IMG_2855_dish0.mp4,78598,2621.156539718535,63.86110432504357
IMG_2855_dish0.mp4,78598,2621.156539718535,53.1105003208716
IMG_2855_dish0.mp4,78598,2621.156539718535,241.6780794957128
IMG_2855_dish0.mp4,78598,2621.156539718535,72.43875726424113
IMG_2855_dish0.mp4,78598,2621.156539718535,484.8148138441131
IMG_2855_dish0.mp4,78598,2621.156539718535,201.45952108411268
IMG_2857_dish0.mp4,16614,554.0585606616421,273.81439772810893
IMG_2857_dish0.mp4,16614,554.0585606616421,90.17364500914718
IMG_2857_dish0.mp4,16614,554.0585606616421,399.0621962924852
IMG_2857_dish0.mp4,16614,554.0585606616421,523.4598426235589
IMG_2857_dish0.mp4,16614,554.0585606616421,542.6989894401122
IMG_2857_dish0.mp4,16614,554.0585606616421,527.7331311628807
IMG_2857_dish0.mp4,16614,554.0585606616421,516.8489872186548
IMG_2857_dish0.mp4,44047,1468.918828786767,157.90923038054316
IMG_2857_dish0.mp4,44047,1468.918828786767,219.68581146296827
IMG_2857_dish0.mp4,44047,1468.918828786767,169.54201196656345
IMG_2857_dish0.mp4,44047,1468.918828786767,220.5835747067277
IMG_2857_dish0.mp4,44047,1468.918828786767,183.4628395172858
IMG_2857_dish0.mp4,44047,1468.918828786767,153.94671805482855
IMG_2857_dish0.mp4,44047,1468.918828786767,156.6523231722835
IMG_2857_dish0.mp4,44047,1468.918828786767,164.1644296170844
IMG_2857_dish0.mp4,36220,1207.897018608684,164.37338426863943
IMG_2857_dish0.mp4,36220,1207.897018608684,224.90604168355497
IMG_2857_dish0.mp4,36220,1207.897018608684,158.38329150880983
IMG_2857_dish0.mp4,36220,1207.897018608684,121.72993865973098
IMG_2857_dish0.mp4,36220,1207.897018608684,77.90878597679091
IMG_2857_dish0.mp4,36220,1207.897018608684,158.88830487736288
IMG_2857_dish0.mp4,36220,1207.897018608684,189.48157984029186
IMG_2857_dish0.mp4,36220,1207.897018608684,148.98218192046718
IMG_2857_dish0.mp4,34132,1138.264523444274,152.31134504168864
IMG_2857_dish0.mp4,34132,1138.264523444274,227.02020571721297
IMG_2857_dish0.mp4,34132,1138.264523444274,167.83211969339465
IMG_2857_dish0.mp4,34132,1138.264523444274,101.2590222491096
IMG_2857_dish0.mp4,34132,1138.264523444274,63.888040860903544
IMG_2857_dish0.mp4,34132,1138.264523444274,57.27841749975692
IMG_2857_dish0.mp4,34132,1138.264523444274,207.7729573862177
IMG_2857_dish0.mp4,34132,1138.264523444274,157.35571381654083
IMG_2857_dish0.mp4,21280,709.6645101047155,191.98065727417307
IMG_2857_dish0.mp4,21280,709.6645101047155,20.37789093758117
IMG_2857_dish0.mp4,21280,709.6645101047155,202.63864822869954
IMG_2857_dish0.mp4,21280,709.6645101047155,190.6506695917023
IMG_2857_dish0.mp4,21280,709.6645101047155,263.3657067734921
IMG_2857_dish0.mp4,21280,709.6645101047155,516.4367497637294
IMG_2857_dish0.mp4,21280,709.6645101047155,449.4682009849293
IMG_2857_dish0.mp4,21280,709.6645101047155,530.3503308586937
IMG_2857_dish0.mp4,34376,1146.401654105249,154.84493627629607
IMG_2857_dish0.mp4,34376,1146.401654105249,201.47936093320698
IMG_2857_dish0.mp4,34376,1146.401654105249,150.97017773398272
IMG_2857_dish0.mp4,34376,1146.401654105249,106.31379987536829
IMG_2857_dish0.mp4,34376,1146.401654105249,110.2889956852888
IMG_2857_dish0.mp4,34376,1146.401654105249,116.49556184071841
IMG_2857_dish0.mp4,34376,1146.401654105249,140.65558890574
IMG_2857_dish0.mp4,34376,1146.401654105249,205.12884961303007
IMG_2857_dish0.mp4,32746,1092.042953378243,184.14103778590956
IMG_2857_dish0.mp4,32746,1092.042953378243,131.46577818457007
IMG_2857_dish0.mp4,32746,1092.042953378243,83.10727702675491
IMG_2857_dish0.mp4,32746,1092.042953378243,91.16659391551067
IMG_2857_dish0.mp4,32746,1092.042953378243,145.97078874429133
IMG_2857_dish0.mp4,32746,1092.042953378243,241.51293399911185
IMG_2857_dish0.mp4,32746,1092.042953378243,145.0020914386814
IMG_2857_dish0.mp4,32746,1092.042953378243,342.7714892403882
IMG_2857_dish0.mp4,14560,485.5599279663843,219.52274571956394
IMG_2857_dish0.mp4,14560,485.5599279663843,145.44328076073697
IMG_2857_dish0.mp4,14560,485.5599279663843,257.0223613307464
IMG_2857_dish0.mp4,14560,485.5599279663843,398.2986168697768
IMG_2857_dish0.mp4,14560,485.5599279663843,415.1620798816929
IMG_2857_dish0.mp4,14560,485.5599279663843,433.9342232430346
IMG_2857_dish0.mp4,14560,485.5599279663843,469.91136529336086
IMG_2857_dish0.mp4,14560,485.5599279663843,479.0548651308546
IMG_2857_dish0.mp4,14560,485.5599279663843,490.8674618909532
IMG_2857_dish0.mp4,50481,1683.4856266257586,195.69377845371238
IMG_2857_dish0.mp4,50481,1683.4856266257586,206.91725190003928
IMG_2857_dish0.mp4,50481,1683.4856266257586,173.11380785548684
IMG_2857_dish0.mp4,50481,1683.4856266257586,155.78788066796628
IMG_2857_dish0.mp4,50481,1683.4856266257586,163.08019002309837
IMG_2857_dish0.mp4,50481,1683.4856266257586,183.81349634741917
IMG_2857_dish0.mp4,50481,1683.4856266257586,202.55704076948973
IMG_2857_dish0.mp4,50481,1683.4856266257586,154.91299501164684
IMG_2857_dish0.mp4,14973,499.33302207696926,248.14603615993065
IMG_2857_dish0.mp4,14973,499.33302207696926,360.49600871624756
IMG_2857_dish0.mp4,14973,499.33302207696926,547.503394433869
IMG_2857_dish0.mp4,14973,499.33302207696926,499.70008950690254
IMG_2857_dish0.mp4,14973,499.33302207696926,474.3775834629101
IMG_2857_dish0.mp4,14973,499.33302207696926,298.16910620123593
IMG_2857_dish0.mp4,14973,499.33302207696926,221.63103059406131
IMG_2857_dish0.mp4,39399,1313.9131594744213,177.2541241695877
IMG_2857_dish0.mp4,39399,1313.9131594744213,200.8546635861643
IMG_2857_dish0.mp4,39399,1313.9131594744213,144.70271797642317
IMG_2857_dish0.mp4,39399,1313.9131594744213,160.2296662194991
IMG_2857_dish0.mp4,39399,1313.9131594744213,86.10996617979278
IMG_2857_dish0.mp4,39399,1313.9131594744213,238.91431228039372
IMG_2857_dish0.mp4,39399,1313.9131594744213,122.12589556790162
IMG_2857_dish0.mp4,46293,1543.82044954312,141.91409520102187
IMG_2857_dish0.mp4,46293,1543.82044954312,206.52313007493217
IMG_2857_dish0.mp4,46293,1543.82044954312,199.95573102838318
IMG_2857_dish0.mp4,46293,1543.82044954312,82.68440948134024
IMG_2857_dish0.mp4,46293,1543.82044954312,145.62007649926161
IMG_2857_dish0.mp4,46293,1543.82044954312,228.25483932670411
IMG_2857_dish0.mp4,46293,1543.82044954312,52.89795944179416
IMG_2857_dish0.mp4,46293,1543.82044954312,77.46509203151123
IMG_2857_dish0.mp4,46293,1543.82044954312,75.60497267244449
IMG_2857_dish0.mp4,29929,998.0991129193624,212.9931208211558
IMG_2857_dish0.mp4,29929,998.0991129193624,42.418592372133624
IMG_2857_dish0.mp4,29929,998.0991129193624,194.01160042635894
IMG_2857_dish0.mp4,29929,998.0991129193624,136.40502344971154
IMG_2857_dish0.mp4,29929,998.0991129193624,77.3855938005307
IMG_2857_dish0.mp4,29929,998.0991129193624,200.48940220765047
IMG_2857_dish0.mp4,29929,998.0991129193624,171.55594789962447
IMG_2857_dish0.mp4,43897,1463.9164943640365,170.87146068761183
IMG_2857_dish0.mp4,43897,1463.9164943640365,212.39221279464826
IMG_2857_dish0.mp4,43897,1463.9164943640365,188.47704418561048
IMG_2857_dish0.mp4,43897,1463.9164943640365,233.21809584582297
IMG_2857_dish0.mp4,43897,1463.9164943640365,162.13854173061316
IMG_2857_dish0.mp4,43897,1463.9164943640365,170.12201690563822
IMG_2857_dish0.mp4,43897,1463.9164943640365,169.90196828365876
IMG_2857_dish0.mp4,43897,1463.9164943640365,188.0161215254739
IMG_2857_dish0.mp4,45906,1530.914426732475,151.44109361247982
IMG_2857_dish0.mp4,45906,1530.914426732475,210.93357705720484
IMG_2857_dish0.mp4,45906,1530.914426732475,171.8712960617915
IMG_2857_dish0.mp4,45906,1530.914426732475,154.3301019318051
IMG_2857_dish0.mp4,45906,1530.914426732475,133.5045016258054
IMG_2857_dish0.mp4,45906,1530.914426732475,166.41898773340273
IMG_2857_dish0.mp4,45906,1530.914426732475,172.52683857704875
IMG_2857_dish0.mp4,45906,1530.914426732475,138.6091562738363
IMG_2857_dish0.mp4,30227,1008.0370839725203,190.9977350877398
IMG_2857_dish0.mp4,30227,1008.0370839725203,203.82769627358272
IMG_2857_dish0.mp4,30227,1008.0370839725203,184.37841042868507
IMG_2857_dish0.mp4,30227,1008.0370839725203,108.45643463797758
IMG_2857_dish0.mp4,30227,1008.0370839725203,162.4462443951681
IMG_2857_dish0.mp4,30227,1008.0370839725203,192.73916526922144
IMG_2857_dish0.mp4,30227,1008.0370839725203,161.21422728755795
IMG_2857_dish0.mp4,30227,1008.0370839725203,212.95338780460023
IMG_2857_dish0.mp4,35054,1169.0122056959915,166.04784505134077
IMG_2857_dish0.mp4,35054,1169.0122056959915,234.3377297331664
IMG_2857_dish0.mp4,35054,1169.0122056959915,170.14881946220106
IMG_2857_dish0.mp4,35054,1169.0122056959915,146.6193300994351
IMG_2857_dish0.mp4,35054,1169.0122056959915,130.36865511828918
IMG_2857_dish0.mp4,35054,1169.0122056959915,133.92274060693606
IMG_2857_dish0.mp4,35054,1169.0122056959915,210.47036819829276
IMG_2857_dish0.mp4,35054,1169.0122056959915,157.51367368514323
IMG_2857_dish0.mp4,29347,978.6900553591676,194.82098287006158
IMG_2857_dish0.mp4,29347,978.6900553591676,179.7792319281753
IMG_2857_dish0.mp4,29347,978.6900553591676,185.91504629743218
IMG_2857_dish0.mp4,29347,978.6900553591676,41.943489930153916
IMG_2857_dish0.mp4,29347,978.6900553591676,82.05435998491838
IMG_2857_dish0.mp4,29347,978.6900553591676,45.78879706040669
IMG_2857_dish0.mp4,29347,978.6900553591676,202.30266994702203
IMG_2857_dish0.mp4,52402,1747.548856132862,183.6256324876728
IMG_2857_dish0.mp4,52402,1747.548856132862,133.6474948881378
IMG_2857_dish0.mp4,52402,1747.548856132862,164.39424894315493
IMG_2857_dish0.mp4,52402,1747.548856132862,138.4230290639473
IMG_2857_dish0.mp4,52402,1747.548856132862,179.60298202364214
IMG_2857_dish0.mp4,52402,1747.548856132862,205.4443464441806
IMG_2857_dish0.mp4,52402,1747.548856132862,185.95096235686634
PXL_20260602_183730315.TS_dish1.mp4,5360,182.04666644024044,314.19966904302754
PXL_20260602_183730315.TS_dish1.mp4,5360,182.04666644024044,328.0564710740102
PXL_20260602_183730315.TS_dish1.mp4,5360,182.04666644024044,337.91713778883354
PXL_20260602_183730315.TS_dish1.mp4,5360,182.04666644024044,344.00379633531304
PXL_20260602_183730315.TS_dish1.mp4,81569,2770.4038311313384,216.84233806358117
PXL_20260602_183730315.TS_dish1.mp4,81569,2770.4038311313384,316.4595862484638
PXL_20260602_183730315.TS_dish1.mp4,81569,2770.4038311313384,331.1237727507958
PXL_20260602_183730315.TS_dish1.mp4,81569,2770.4038311313384,333.6303347592352
PXL_20260602_183730315.TS_dish1.mp4,27970,949.97113065924,211.15085762182431
PXL_20260602_183730315.TS_dish1.mp4,27970,949.97113065924,335.80327290115446
PXL_20260602_183730315.TS_dish1.mp4,27970,949.97113065924,330.8696292166461
PXL_20260602_183730315.TS_dish1.mp4,27970,949.97113065924,317.53975038384135
PXL_20260602_183730315.TS_dish1.mp4,145669,4947.491763746901,161.63482938494136
PXL_20260602_183730315.TS_dish1.mp4,145669,4947.491763746901,332.76304900806514
PXL_20260602_183730315.TS_dish1.mp4,145669,4947.491763746901,41.355990054032574
PXL_20260602_183730315.TS_dish1.mp4,145669,4947.491763746901,48.652189110287935
PXL_20260602_183730315.TS_dish1.mp4,80375,2729.8508983459565,323.00512642562325
PXL_20260602_183730315.TS_dish1.mp4,80375,2729.8508983459565,300.1076045225013
PXL_20260602_183730315.TS_dish1.mp4,80375,2729.8508983459565,318.69605062884233
PXL_20260602_183730315.TS_dish1.mp4,80375,2729.8508983459565,339.74517560138423
PXL_20260602_183730315.TS_dish1.mp4,12007,407.80491118432224,330.93424240778563
PXL_20260602_183730315.TS_dish1.mp4,12007,407.80491118432224,318.44415219234077
PXL_20260602_183730315.TS_dish1.mp4,12007,407.80491118432224,333.3900833362765
PXL_20260602_183730315.TS_dish1.mp4,12007,407.80491118432224,342.2360802389149
PXL_20260602_183730315.TS_dish1.mp4,49125,1668.478076282987,167.74359073291794
PXL_20260602_183730315.TS_dish1.mp4,49125,1668.478076282987,160.98573034723745
PXL_20260602_183730315.TS_dish1.mp4,49125,1668.478076282987,262.5734168259804
PXL_20260602_183730315.TS_dish1.mp4,49125,1668.478076282987,338.1882591346564
PXL_20260602_183730315.TS_dish1.mp4,122084,4146.452467479537,34.81150880962335
PXL_20260602_183730315.TS_dish1.mp4,122084,4146.452467479537,332.8581830124396
PXL_20260602_183730315.TS_dish1.mp4,122084,4146.452467479537,312.5063189481783
PXL_20260602_183730315.TS_dish1.mp4,122084,4146.452467479537,332.6225755002075
PXL_20260602_183730315.TS_dish1.mp4,130212,4422.511293006826,32.949233478101526
PXL_20260602_183730315.TS_dish1.mp4,130212,4422.511293006826,285.0904276672761
PXL_20260602_183730315.TS_dish1.mp4,130212,4422.511293006826,349.2167786471251
PXL_20260602_183730315.TS_dish1.mp4,130212,4422.511293006826,220.98993886336183
PXL_20260602_183730315.TS_dish1.mp4,107074,3636.6538735862514,59.83769504194015
PXL_20260602_183730315.TS_dish1.mp4,107074,3636.6538735862514,315.8695163254592
PXL_20260602_183730315.TS_dish1.mp4,107074,3636.6538735862514,278.73775460998434
PXL_20260602_183730315.TS_dish1.mp4,107074,3636.6538735862514,341.8240062489703
PXL_20260602_183730315.TS_dish1.mp4,100909,3427.2662432496686,184.98519173156276
PXL_20260602_183730315.TS_dish1.mp4,100909,3427.2662432496686,311.9431120141178
PXL_20260602_183730315.TS_dish1.mp4,100909,3427.2662432496686,274.4344878644967
PXL_20260602_183730315.TS_dish1.mp4,100909,3427.2662432496686,300.70745180601483
PXL_20260602_183730315.TS_dish1.mp4,62908,2136.602927690792,214.1710368284209
PXL_20260602_183730315.TS_dish1.mp4,62908,2136.602927690792,260.5261013729296
PXL_20260602_183730315.TS_dish1.mp4,62908,2136.602927690792,353.80221645733485
PXL_20260602_183730315.TS_dish1.mp4,62908,2136.602927690792,341.6191876724005
PXL_20260602_183730315.TS_dish1.mp4,101648,3452.3655877458136,315.7565594125885
PXL_20260602_183730315.TS_dish1.mp4,101648,3452.3655877458136,354.5050805886153
PXL_20260602_183730315.TS_dish1.mp4,101648,3452.3655877458136,342.20034502451205
PXL_20260602_183730315.TS_dish1.mp4,101648,3452.3655877458136,143.4485690558426
PXL_20260602_183730315.TS_dish1.mp4,96816,3288.251876507149,337.31985703849574
PXL_20260602_183730315.TS_dish1.mp4,96816,3288.251876507149,337.18578766867466
PXL_20260602_183730315.TS_dish1.mp4,96816,3288.251876507149,184.26239209582178
PXL_20260602_183730315.TS_dish1.mp4,96816,3288.251876507149,285.6782404136726
PXL_20260602_183730315.TS_dish1.mp4,2637,89.56288421696158,339.70658042590713
PXL_20260602_183730315.TS_dish1.mp4,2637,89.56288421696158,341.65107503094004
PXL_20260602_183730315.TS_dish1.mp4,2637,89.56288421696158,314.0288016426331
PXL_20260602_183730315.TS_dish1.mp4,2637,89.56288421696158,325.76616347110354
PXL_20260602_183730315.TS_dish1.mp4,43053,1462.2490914648645,173.16587248447166
PXL_20260602_183730315.TS_dish1.mp4,43053,1462.2490914648645,190.4580405441571
PXL_20260602_183730315.TS_dish1.mp4,43053,1462.2490914648645,184.93990698268226
PXL_20260602_183730315.TS_dish1.mp4,43053,1462.2490914648645,345.78297234869797
PXL_20260602_183730315.TS_dish1.mp4,149238,5068.709031009068,93.60884019613171
PXL_20260602_183730315.TS_dish1.mp4,149238,5068.709031009068,315.7270949937636
PXL_20260602_183730315.TS_dish1.mp4,149238,5068.709031009068,23.732043561040378
PXL_20260602_183730315.TS_dish1.mp4,149238,5068.709031009068,19.323194734124677
PXL_20260602_183730315.TS_dish1.mp4,44265,1503.4133749957543,166.7636074665212
PXL_20260602_183730315.TS_dish1.mp4,44265,1503.4133749957543,253.53709470100296
PXL_20260602_183730315.TS_dish1.mp4,44265,1503.4133749957543,259.3237297439321
PXL_20260602_183730315.TS_dish1.mp4,44265,1503.4133749957543,221.8536755719709
PXL_20260602_183730315.TS_dish1.mp4,116461,3955.473287368814,23.779140460023935
PXL_20260602_183730315.TS_dish1.mp4,116461,3955.473287368814,263.2347879545167
PXL_20260602_183730315.TS_dish1.mp4,116461,3955.473287368814,265.0615213029239
PXL_20260602_183730315.TS_dish1.mp4,116461,3955.473287368814,323.67425909410883
PXL_20260602_183730315.TS_dish1.mp4,136847,4647.861970587236,268.3933340294723
PXL_20260602_183730315.TS_dish1.mp4,136847,4647.861970587236,244.0958626096844
PXL_20260602_183730315.TS_dish1.mp4,136847,4647.861970587236,6.9737338825809045
PXL_20260602_183730315.TS_dish1.mp4,136847,4647.861970587236,323.14679789841864
PXL_20260602_183730315.TS_dish1.mp4,88473,3004.890805964066,310.84052693934024
PXL_20260602_183730315.TS_dish1.mp4,88473,3004.890805964066,314.07675053293497
PXL_20260602_183730315.TS_dish1.mp4,88473,3004.890805964066,337.29880492937247
PXL_20260602_183730315.TS_dish1.mp4,88473,3004.890805964066,333.9630716954471
PXL_20260602_183730315.TS_dish1.mp4,129790,4408.178514417688,167.0325022489085
PXL_20260602_183730315.TS_dish1.mp4,129790,4408.178514417688,36.84781213752652
PXL_20260602_183730315.TS_dish1.mp4,129790,4408.178514417688,296.5425832038838
PXL_20260602_183730315.TS_dish1.mp4,129790,4408.178514417688,319.2196793849673
PXL_20260602_183730315.TS_dish1.mp4,135744,4610.399755459702,29.1825576456191
PXL_20260602_183730315.TS_dish1.mp4,135744,4610.399755459702,326.69051457978316
PXL_20260602_183730315.TS_dish1.mp4,135744,4610.399755459702,325.93562162453975
PXL_20260602_183730315.TS_dish1.mp4,135744,4610.399755459702,314.755627995516
PXL_20260602_183730315.TS_dish1.mp4,89362,3035.0847400061134,341.74357881895855
PXL_20260602_183730315.TS_dish1.mp4,89362,3035.0847400061134,322.9470483933418
PXL_20260602_183730315.TS_dish1.mp4,89362,3035.0847400061134,337.1327256506927
PXL_20260602_183730315.TS_dish1.mp4,89362,3035.0847400061134,323.0528843136544
PXL_20260602_183730315.TS_dish1.mp4,103641,3520.0557008457017,124.56539075848141
PXL_20260602_183730315.TS_dish1.mp4,103641,3520.0557008457017,301.1839198153057
PXL_20260602_183730315.TS_dish1.mp4,103641,3520.0557008457017,329.3363908543963
PXL_20260602_183730315.TS_dish1.mp4,103641,3520.0557008457017,188.73061337287643
PXL_20260602_183730315.TS_dish1.mp4,86762,2946.7785212104745,305.48733834654485
PXL_20260602_183730315.TS_dish1.mp4,86762,2946.7785212104745,230.77985105514708
PXL_20260602_183730315.TS_dish1.mp4,86762,2946.7785212104745,257.24917478001083
PXL_20260602_183730315.TS_dish1.mp4,86762,2946.7785212104745,211.81921109509744
PXL_20260602_183730315.TS_dish1.mp4,116425,3954.2505858777977,21.955416517058886
PXL_20260602_183730315.TS_dish1.mp4,116425,3954.2505858777977,249.9988930256464
PXL_20260602_183730315.TS_dish1.mp4,116425,3954.2505858777977,281.7222890250687
PXL_20260602_183730315.TS_dish1.mp4,116425,3954.2505858777977,339.17849243074903
PXL_20260602_183730315.TS_dish1.mp4,6538,222.05617634072613,335.02720251288804
PXL_20260602_183730315.TS_dish1.mp4,6538,222.05617634072613,345.6360394636385
PXL_20260602_183730315.TS_dish1.mp4,6538,222.05617634072613,320.71332733481717
PXL_20260602_183730315.TS_dish1.mp4,6538,222.05617634072613,310.3928283946538
PXL_20260602_183730315.TS_dish1.mp4,154926,5261.895866589682,179.60589850586916
PXL_20260602_183730315.TS_dish1.mp4,154926,5261.895866589682,287.84885184696475
PXL_20260602_183730315.TS_dish1.mp4,154926,5261.895866589682,38.469437550292135
PXL_20260602_183730315.TS_dish1.mp4,154926,5261.895866589682,57.57685338586537
PXL_20260602_210739662.TS_dish1.mp4,925,30.8641975308642,465.7838651998475
PXL_20260602_210739662.TS_dish1.mp4,925,30.8641975308642,448.91085244173837
PXL_20260602_210739662.TS_dish1.mp4,925,30.8641975308642,419.19091652257885
PXL_20260602_210739662.TS_dish1.mp4,925,30.8641975308642,426.70203738432537
PXL_20260602_210739662.TS_dish1.mp4,925,30.8641975308642,496.291115169854
PXL_20260602_210739662.TS_dish1.mp4,925,30.8641975308642,465.720658298058
PXL_20260602_210739662.TS_dish1.mp4,925,30.8641975308642,363.4615795743351
PXL_20260602_210739662.TS_dish1.mp4,14071,469.50283616950287,755.9136709969843
PXL_20260602_210739662.TS_dish1.mp4,14071,469.50283616950287,59.02540274112958
PXL_20260602_210739662.TS_dish1.mp4,14071,469.50283616950287,176.9015463414858
PXL_20260602_210739662.TS_dish1.mp4,14071,469.50283616950287,68.44967393580338
PXL_20260602_210739662.TS_dish1.mp4,14071,469.50283616950287,47.84646968201377
PXL_20260602_210739662.TS_dish1.mp4,14071,469.50283616950287,99.13817359408796
PXL_20260602_210739662.TS_dish1.mp4,4825,160.99432766099434,532.419659091508
PXL_20260602_210739662.TS_dish1.mp4,4825,160.99432766099434,284.6518322271114
PXL_20260602_210739662.TS_dish1.mp4,4825,160.99432766099434,161.6186027227672
PXL_20260602_210739662.TS_dish1.mp4,4825,160.99432766099434,295.7379342273754
PXL_20260602_210739662.TS_dish1.mp4,4825,160.99432766099434,664.6021518274574
PXL_20260602_210739662.TS_dish1.mp4,4825,160.99432766099434,306.35860013739966
PXL_20260602_210739662.TS_dish1.mp4,25135,838.6720053386721,760.4856270106982
PXL_20260602_210739662.TS_dish1.mp4,25135,838.6720053386721,149.83426994510032
PXL_20260602_210739662.TS_dish1.mp4,25135,838.6720053386721,134.86160581775587
PXL_20260602_210739662.TS_dish1.mp4,25135,838.6720053386721,30.26365749765567
PXL_20260602_210739662.TS_dish1.mp4,25135,838.6720053386721,59.264139557574595
PXL_20260602_210739662.TS_dish1.mp4,25135,838.6720053386721,204.81425779254374
PXL_20260602_210739662.TS_dish1.mp4,13869,462.7627627627628,762.8926629670613
PXL_20260602_210739662.TS_dish1.mp4,13869,462.7627627627628,51.3432947214036
PXL_20260602_210739662.TS_dish1.mp4,13869,462.7627627627628,67.67458310500996
PXL_20260602_210739662.TS_dish1.mp4,13869,462.7627627627628,104.77190850139812
PXL_20260602_210739662.TS_dish1.mp4,13869,462.7627627627628,63.9466493397515
PXL_20260602_210739662.TS_dish1.mp4,13869,462.7627627627628,39.013618829001594
PXL_20260602_210739662.TS_dish1.mp4,13869,462.7627627627628,148.5088620188765
PXL_20260602_210739662.TS_dish1.mp4,2071,69.10243576910244,540.9634901819841
PXL_20260602_210739662.TS_dish1.mp4,2071,69.10243576910244,237.24886002088584
PXL_20260602_210739662.TS_dish1.mp4,2071,69.10243576910244,249.39679438560927
PXL_20260602_210739662.TS_dish1.mp4,2071,69.10243576910244,412.6449159505649
PXL_20260602_210739662.TS_dish1.mp4,2071,69.10243576910244,385.4870795925373
PXL_20260602_210739662.TS_dish1.mp4,2071,69.10243576910244,470.9498295088184
PXL_20260602_210739662.TS_dish1.mp4,2071,69.10243576910244,456.29217059211794
PXL_20260602_210739662.TS_dish1.mp4,8474,282.7494160827494,364.5405299226282
PXL_20260602_210739662.TS_dish1.mp4,8474,282.7494160827494,167.166249952321
PXL_20260602_210739662.TS_dish1.mp4,8474,282.7494160827494,103.18056716541686
PXL_20260602_210739662.TS_dish1.mp4,8474,282.7494160827494,148.6232762183698
PXL_20260602_210739662.TS_dish1.mp4,8474,282.7494160827494,72.35048445597498
PXL_20260602_210739662.TS_dish1.mp4,8474,282.7494160827494,660.7900402323827
PXL_20260602_210739662.TS_dish1.mp4,8474,282.7494160827494,131.61669414526656
PXL_20260602_210739662.TS_dish1.mp4,21076,703.2365699032366,231.81962253003564
PXL_20260602_210739662.TS_dish1.mp4,21076,703.2365699032366,83.46683678698767
PXL_20260602_210739662.TS_dish1.mp4,21076,703.2365699032366,119.26542002125178
PXL_20260602_210739662.TS_dish1.mp4,21076,703.2365699032366,60.50253656658626
PXL_20260602_210739662.TS_dish1.mp4,21076,703.2365699032366,115.49325010126572
PXL_20260602_210739662.TS_dish1.mp4,21076,703.2365699032366,723.9334426026611
PXL_20260602_210739662.TS_dish1.mp4,21076,703.2365699032366,60.16594571469685
PXL_20260602_210739662.TS_dish1.mp4,22475,749.9165832499166,148.71533232435118
PXL_20260602_210739662.TS_dish1.mp4,22475,749.9165832499166,51.74754396410341
PXL_20260602_210739662.TS_dish1.mp4,22475,749.9165832499166,50.39060850455564
PXL_20260602_210739662.TS_dish1.mp4,22475,749.9165832499166,60.14120241607749
PXL_20260602_210739662.TS_dish1.mp4,22475,749.9165832499166,753.2446018575698
PXL_20260602_210739662.TS_dish1.mp4,22475,749.9165832499166,285.7504884359644
PXL_20260602_210739662.TS_dish1.mp4,75,2.5025025025025025,471.9933632719437
PXL_20260602_210739662.TS_dish1.mp4,75,2.5025025025025025,490.3404689356667
PXL_20260602_210739662.TS_dish1.mp4,75,2.5025025025025025,453.3817611421644
PXL_20260602_210739662.TS_dish1.mp4,75,2.5025025025025025,466.6693600222585
PXL_20260602_210739662.TS_dish1.mp4,75,2.5025025025025025,456.5597704200443
PXL_20260602_210739662.TS_dish1.mp4,75,2.5025025025025025,462.61966007173976
PXL_20260602_210739662.TS_dish1.mp4,18481,616.64998331665,243.94426206343306
PXL_20260602_210739662.TS_dish1.mp4,18481,616.64998331665,84.59927238169362
PXL_20260602_210739662.TS_dish1.mp4,18481,616.64998331665,58.9413632497486
PXL_20260602_210739662.TS_dish1.mp4,18481,616.64998331665,46.815666293706094
PXL_20260602_210739662.TS_dish1.mp4,18481,616.64998331665,69.72838391607021
PXL_20260602_210739662.TS_dish1.mp4,18481,616.64998331665,707.0984543985406
PXL_20260602_210739662.TS_dish1.mp4,17414,581.0477143810477,168.2556210038601
PXL_20260602_210739662.TS_dish1.mp4,17414,581.0477143810477,98.2332300882643
PXL_20260602_210739662.TS_dish1.mp4,17414,581.0477143810477,63.785499523970984
PXL_20260602_210739662.TS_dish1.mp4,17414,581.0477143810477,68.26011208202222
PXL_20260602_210739662.TS_dish1.mp4,17414,581.0477143810477,724.1799961701653
PXL_20260602_210739662.TS_dish1.mp4,17414,581.0477143810477,54.17308564701546
PXL_20260602_210739662.TS_dish1.mp4,17414,581.0477143810477,49.62375747620129
PXL_20260602_210739662.TS_dish1.mp4,10859,362.328995662329,66.37493198927783
PXL_20260602_210739662.TS_dish1.mp4,10859,362.328995662329,184.43342179182977
PXL_20260602_210739662.TS_dish1.mp4,10859,362.328995662329,160.22305852402692
PXL_20260602_210739662.TS_dish1.mp4,10859,362.328995662329,128.89235001109154
PXL_20260602_210739662.TS_dish1.mp4,10859,362.328995662329,294.48778224766426
PXL_20260602_210739662.TS_dish1.mp4,10859,362.328995662329,686.134050511701
PXL_20260602_210739662.TS_dish1.mp4,17534,585.0517183850517,122.28026390911509
PXL_20260602_210739662.TS_dish1.mp4,17534,585.0517183850517,209.78428116409526
PXL_20260602_210739662.TS_dish1.mp4,17534,585.0517183850517,64.69989284051208
PXL_20260602_210739662.TS_dish1.mp4,17534,585.0517183850517,64.9722846803746
PXL_20260602_210739662.TS_dish1.mp4,17534,585.0517183850517,730.2180891707515
PXL_20260602_210739662.TS_dish1.mp4,17534,585.0517183850517,60.55460619759396
PXL_20260602_210739662.TS_dish1.mp4,17534,585.0517183850517,69.18571767053406
PXL_20260602_210739662.TS_dish1.mp4,16706,557.4240907574241,144.0539450962311
PXL_20260602_210739662.TS_dish1.mp4,16706,557.4240907574241,94.06187089170682
PXL_20260602_210739662.TS_dish1.mp4,16706,557.4240907574241,73.68019845545248
PXL_20260602_210739662.TS_dish1.mp4,16706,557.4240907574241,64.01258092168204
PXL_20260602_210739662.TS_dish1.mp4,16706,557.4240907574241,73.67548729852462
PXL_20260602_210739662.TS_dish1.mp4,16706,557.4240907574241,725.9996045173974
PXL_20260602_210739662.TS_dish1.mp4,16706,557.4240907574241,64.7478105001703
PXL_20260602_210739662.TS_dish1.mp4,16706,557.4240907574241,52.288040726771904
PXL_20260602_210739662.TS_dish1.mp4,455,15.18184851518185,473.41104918984234
PXL_20260602_210739662.TS_dish1.mp4,455,15.18184851518185,470.6826962049796
PXL_20260602_210739662.TS_dish1.mp4,455,15.18184851518185,450.96121777170885
PXL_20260602_210739662.TS_dish1.mp4,455,15.18184851518185,507.23903397130164
PXL_20260602_210739662.TS_dish1.mp4,455,15.18184851518185,491.5611616590327
PXL_20260602_210739662.TS_dish1.mp4,455,15.18184851518185,441.50695805433736
PXL_20260602_210739662.TS_dish1.mp4,455,15.18184851518185,419.0310315297844
PXL_20260602_210739662.TS_dish1.mp4,7427,247.8144811478145,154.98061156948816
PXL_20260602_210739662.TS_dish1.mp4,7427,247.8144811478145,406.4332161896576
PXL_20260602_210739662.TS_dish1.mp4,7427,247.8144811478145,103.36292138973576
PXL_20260602_210739662.TS_dish1.mp4,7427,247.8144811478145,135.76191948136878
PXL_20260602_210739662.TS_dish1.mp4,7427,247.8144811478145,72.22195514577912
PXL_20260602_210739662.TS_dish1.mp4,7427,247.8144811478145,124.21442282457242
PXL_20260602_210739662.TS_dish1.mp4,7427,247.8144811478145,666.7660337181977
PXL_20260602_210739662.TS_dish1.mp4,25757,859.4260927594261,757.4967596178624
PXL_20260602_210739662.TS_dish1.mp4,25757,859.4260927594261,52.18945914662087
PXL_20260602_210739662.TS_dish1.mp4,25757,859.4260927594261,205.57288892174483
PXL_20260602_210739662.TS_dish1.mp4,25757,859.4260927594261,48.36596441979443
PXL_20260602_210739662.TS_dish1.mp4,25757,859.4260927594261,190.92454510788616
PXL_20260602_210739662.TS_dish1.mp4,7640,254.9215882549216,67.83393124898745
PXL_20260602_210739662.TS_dish1.mp4,7640,254.9215882549216,133.91842022575833
PXL_20260602_210739662.TS_dish1.mp4,7640,254.9215882549216,98.9397125584973
PXL_20260602_210739662.TS_dish1.mp4,7640,254.9215882549216,137.4911905657781
PXL_20260602_210739662.TS_dish1.mp4,7640,254.9215882549216,153.35843844228992
PXL_20260602_210739662.TS_dish1.mp4,7640,254.9215882549216,671.598804254153
PXL_20260602_210739662.TS_dish1.mp4,7640,254.9215882549216,396.6166521345968
PXL_20260602_210739662.TS_dish1.mp4,20106,670.8708708708709,283.12327328762336
PXL_20260602_210739662.TS_dish1.mp4,20106,670.8708708708709,47.093327635137605
PXL_20260602_210739662.TS_dish1.mp4,20106,670.8708708708709,101.09129765857188
PXL_20260602_210739662.TS_dish1.mp4,20106,670.8708708708709,248.3383573272277
PXL_20260602_210739662.TS_dish1.mp4,20106,670.8708708708709,748.3580851119895
PXL_20260602_210739662.TS_dish1.mp4,20106,670.8708708708709,63.71841721166728
PXL_20260602_210739662.TS_dish1.mp4,23623,788.2215548882216,26.857649168714488
PXL_20260602_210739662.TS_dish1.mp4,23623,788.2215548882216,182.61119447198632
PXL_20260602_210739662.TS_dish1.mp4,23623,788.2215548882216,203.57339755023307
PXL_20260602_210739662.TS_dish1.mp4,23623,788.2215548882216,74.58614838592771
PXL_20260602_210739662.TS_dish1.mp4,23623,788.2215548882216,176.52999141741918
PXL_20260602_210739662.TS_dish1.mp4,23623,788.2215548882216,753.0530763039288
PXL_20260602_210739662.TS_dish1.mp4,15273,509.6096096096096,58.11253588568824
PXL_20260602_210739662.TS_dish1.mp4,15273,509.6096096096096,71.09302593356922
PXL_20260602_210739662.TS_dish1.mp4,15273,509.6096096096096,85.15315395264888
PXL_20260602_210739662.TS_dish1.mp4,15273,509.6096096096096,57.384820092301126
PXL_20260602_210739662.TS_dish1.mp4,15273,509.6096096096096,47.182430296657415
PXL_20260602_210739662.TS_dish1.mp4,15273,509.6096096096096,106.4701865039839
PXL_20260602_210739662.TS_dish1.mp4,15273,509.6096096096096,736.7311274865195
PXL_20260602_210739662.TS_dish1.mp4,22394,747.2138805472139,194.54769511249137
PXL_20260602_210739662.TS_dish1.mp4,22394,747.2138805472139,49.45177239141665
PXL_20260602_210739662.TS_dish1.mp4,22394,747.2138805472139,306.2976130735161
PXL_20260602_210739662.TS_dish1.mp4,22394,747.2138805472139,67.06564240969453
PXL_20260602_210739662.TS_dish1.mp4,22394,747.2138805472139,31.019845774702578
PXL_20260602_210739662.TS_dish1.mp4,22394,747.2138805472139,765.8816529609683
PXL_20260602_210739662.TS_dish1.mp4,23415,781.2812812812813,756.5175585474453
PXL_20260602_210739662.TS_dish1.mp4,23415,781.2812812812813,61.246781880499086
PXL_20260602_210739662.TS_dish1.mp4,23415,781.2812812812813,39.44449448322921
PXL_20260602_210739662.TS_dish1.mp4,23415,781.2812812812813,150.9303452424361
PXL_20260602_210739662.TS_dish1.mp4,23415,781.2812812812813,169.66460255723757
PXL_20260602_210739662.TS_dish1.mp4,15422,514.5812479145812,38.614282037767744
PXL_20260602_210739662.TS_dish1.mp4,15422,514.5812479145812,37.999564448810844
PXL_20260602_210739662.TS_dish1.mp4,15422,514.5812479145812,82.64702931898618
PXL_20260602_210739662.TS_dish1.mp4,15422,514.5812479145812,70.14779047934339
PXL_20260602_210739662.TS_dish1.mp4,15422,514.5812479145812,77.18325312505102
PXL_20260602_210739662.TS_dish1.mp4,15422,514.5812479145812,117.27611697811874
PXL_20260602_210739662.TS_dish1.mp4,15422,514.5812479145812,718.4032903857476
PXL_20260602_210739662.TS_dish1.mp4,17882,596.6633299966634,53.628643232486745
PXL_20260602_210739662.TS_dish1.mp4,17882,596.6633299966634,51.57104722479718
PXL_20260602_210739662.TS_dish1.mp4,17882,596.6633299966634,70.06657296592422
PXL_20260602_210739662.TS_dish1.mp4,17882,596.6633299966634,73.21293351519591
PXL_20260602_210739662.TS_dish1.mp4,17882,596.6633299966634,167.2626297569163
PXL_20260602_210739662.TS_dish1.mp4,17882,596.6633299966634,57.60205528257881
PXL_20260602_210739662.TS_dish1.mp4,17882,596.6633299966634,728.8299616911048
PXL_20260602_210739662.TS_dish1.mp4,14973,499.5995995995996,109.93163453336163
PXL_20260602_210739662.TS_dish1.mp4,14973,499.5995995995996,67.08549989570542
PXL_20260602_210739662.TS_dish1.mp4,14973,499.5995995995996,30.61813599456807
PXL_20260602_210739662.TS_dish1.mp4,14973,499.5995995995996,29.80710713415922
PXL_20260602_210739662.TS_dish1.mp4,14973,499.5995995995996,103.7731919768993
PXL_20260602_210739662.TS_dish1.mp4,14973,499.5995995995996,108.8686657194902
PXL_20260602_210739662.TS_dish1.mp4,20091,670.3703703703704,103.64844668328465
PXL_20260602_210739662.TS_dish1.mp4,20091,670.3703703703704,55.655828889964916
PXL_20260602_210739662.TS_dish1.mp4,20091,670.3703703703704,244.83744663261925
PXL_20260602_210739662.TS_dish1.mp4,20091,670.3703703703704,279.490499629549
PXL_20260602_210739662.TS_dish1.mp4,20091,670.3703703703704,47.09332763513749
PXL_20260602_210739662.TS_dish1.mp4,20091,670.3703703703704,61.59419577110028
PXL_20260602_210739662.TS_dish1.mp4,20091,670.3703703703704,735.7772065322079
PXL_20260602_210739662.TS_dish1.mp4,1128,37.63763763763764,389.779064175059
PXL_20260602_210739662.TS_dish1.mp4,1128,37.63763763763764,368.9905639137053
PXL_20260602_210739662.TS_dish1.mp4,1128,37.63763763763764,437.5050746889429
PXL_20260602_210739662.TS_dish1.mp4,1128,37.63763763763764,477.850372380083
PXL_20260602_210739662.TS_dish1.mp4,1128,37.63763763763764,430.8396580737645
PXL_20260602_210739662.TS_dish1.mp4,1128,37.63763763763764,510.15709453818863
PXL_20260602_210739662.TS_dish1.mp4,26735,892.0587253920587,269.7740852010074
PXL_20260602_210739662.TS_dish1.mp4,26735,892.0587253920587,274.1678922386547
PXL_20260602_210739662.TS_dish1.mp4,26735,892.0587253920587,150.48307590186968
PXL_20260602_210739662.TS_dish1.mp4,26735,892.0587253920587,63.992313968441614
PXL_20260602_210739662.TS_dish1.mp4,26735,892.0587253920587,109.7035167574236
PXL_20260602_210739662.TS_dish1.mp4,26735,892.0587253920587,90.74490689971577
PXL_20260602_210739662.TS_dish1.mp4,26735,892.0587253920587,763.1875105448546
PXL_20260602_183730315.TS_dish0.mp4,81569,2770.4038311313384,36.78516594859178
PXL_20260602_183730315.TS_dish0.mp4,81569,2770.4038311313384,38.296601998431306
PXL_20260602_183730315.TS_dish0.mp4,81569,2770.4038311313384,13.759161409110128
PXL_20260602_183730315.TS_dish0.mp4,81569,2770.4038311313384,249.9906087277095
PXL_20260602_183730315.TS_dish0.mp4,27970,949.97113065924,191.43610051296164
PXL_20260602_183730315.TS_dish0.mp4,27970,949.97113065924,185.19582180456655
PXL_20260602_183730315.TS_dish0.mp4,27970,949.97113065924,64.74261719090849
PXL_20260602_183730315.TS_dish0.mp4,27970,949.97113065924,184.11906884024916
PXL_20260602_183730315.TS_dish0.mp4,27970,949.97113065924,178.30560249003506
PXL_20260602_183730315.TS_dish0.mp4,145669,4947.491763746901,115.00526159175264
PXL_20260602_183730315.TS_dish0.mp4,145669,4947.491763746901,165.16652544320092
PXL_20260602_183730315.TS_dish0.mp4,145669,4947.491763746901,31.384728121236485
PXL_20260602_183730315.TS_dish0.mp4,145669,4947.491763746901,38.03550409832885
PXL_20260602_183730315.TS_dish0.mp4,145669,4947.491763746901,33.21381382780943
PXL_20260602_183730315.TS_dish0.mp4,80375,2729.8508983459565,38.23087592398323
PXL_20260602_183730315.TS_dish0.mp4,80375,2729.8508983459565,41.81586597005719
PXL_20260602_183730315.TS_dish0.mp4,80375,2729.8508983459565,11.168679399129424
PXL_20260602_183730315.TS_dish0.mp4,80375,2729.8508983459565,250.9654569185687
PXL_20260602_183730315.TS_dish0.mp4,49125,1668.478076282987,39.05146398979671
PXL_20260602_183730315.TS_dish0.mp4,49125,1668.478076282987,140.2713716151618
PXL_20260602_183730315.TS_dish0.mp4,49125,1668.478076282987,49.91466592354298
PXL_20260602_183730315.TS_dish0.mp4,49125,1668.478076282987,160.6475960506652
PXL_20260602_183730315.TS_dish0.mp4,49125,1668.478076282987,38.49612635243804
PXL_20260602_183730315.TS_dish0.mp4,122084,4146.452467479537,78.34641304815939
PXL_20260602_183730315.TS_dish0.mp4,122084,4146.452467479537,34.855798930197345
PXL_20260602_183730315.TS_dish0.mp4,122084,4146.452467479537,49.48807354425896
PXL_20260602_183730315.TS_dish0.mp4,122084,4146.452467479537,39.30492354097802
PXL_20260602_183730315.TS_dish0.mp4,130212,4422.511293006826,34.707715957754225
PXL_20260602_183730315.TS_dish0.mp4,130212,4422.511293006826,29.59524276564793
PXL_20260602_183730315.TS_dish0.mp4,130212,4422.511293006826,44.55292438160537
PXL_20260602_183730315.TS_dish0.mp4,130212,4422.511293006826,27.597840568931247
PXL_20260602_183730315.TS_dish0.mp4,107074,3636.6538735862514,46.13090316583275
PXL_20260602_183730315.TS_dish0.mp4,107074,3636.6538735862514,37.232631605715525
PXL_20260602_183730315.TS_dish0.mp4,107074,3636.6538735862514,37.42600454618383
PXL_20260602_183730315.TS_dish0.mp4,100909,3427.2662432496686,193.42446948297
PXL_20260602_183730315.TS_dish0.mp4,100909,3427.2662432496686,37.05566015647306
PXL_20260602_183730315.TS_dish0.mp4,100909,3427.2662432496686,31.806866217593576
PXL_20260602_183730315.TS_dish0.mp4,100909,3427.2662432496686,32.91772227110462
PXL_20260602_183730315.TS_dish0.mp4,100909,3427.2662432496686,36.68522828489658
PXL_20260602_183730315.TS_dish0.mp4,62908,2136.602927690792,34.53192777960722
PXL_20260602_183730315.TS_dish0.mp4,62908,2136.602927690792,38.36223622516372
PXL_20260602_183730315.TS_dish0.mp4,62908,2136.602927690792,75.94057893297385
PXL_20260602_183730315.TS_dish0.mp4,62908,2136.602927690792,11.576491841722184
PXL_20260602_183730315.TS_dish0.mp4,101648,3452.3655877458136,31.17091072476016
PXL_20260602_183730315.TS_dish0.mp4,101648,3452.3655877458136,26.603866958277873
PXL_20260602_183730315.TS_dish0.mp4,101648,3452.3655877458136,34.726951735275144
PXL_20260602_183730315.TS_dish0.mp4,101648,3452.3655877458136,38.85657544379043
PXL_20260602_183730315.TS_dish0.mp4,101648,3452.3655877458136,31.785978126487265
PXL_20260602_183730315.TS_dish0.mp4,96816,3288.251876507149,37.19607525938553
PXL_20260602_183730315.TS_dish0.mp4,96816,3288.251876507149,30.048391583321102
PXL_20260602_183730315.TS_dish0.mp4,96816,3288.251876507149,49.9380895310156
PXL_20260602_183730315.TS_dish0.mp4,96816,3288.251876507149,30.429836615896225
PXL_20260602_183730315.TS_dish0.mp4,43053,1462.2490914648645,31.038964258881684
PXL_20260602_183730315.TS_dish0.mp4,43053,1462.2490914648645,173.9332776407753
PXL_20260602_183730315.TS_dish0.mp4,43053,1462.2490914648645,108.6120458871196
PXL_20260602_183730315.TS_dish0.mp4,43053,1462.2490914648645,142.05725201218428
PXL_20260602_183730315.TS_dish0.mp4,43053,1462.2490914648645,178.15965854276976
PXL_20260602_183730315.TS_dish0.mp4,149238,5068.709031009068,44.18663320884121
PXL_20260602_183730315.TS_dish0.mp4,149238,5068.709031009068,43.03061715429517
PXL_20260602_183730315.TS_dish0.mp4,149238,5068.709031009068,39.37511007976141
PXL_20260602_183730315.TS_dish0.mp4,149238,5068.709031009068,157.4391074878759
PXL_20260602_183730315.TS_dish0.mp4,44265,1503.4133749957543,70.33654109068382
PXL_20260602_183730315.TS_dish0.mp4,44265,1503.4133749957543,115.3757085830306
PXL_20260602_183730315.TS_dish0.mp4,44265,1503.4133749957543,157.3678751245453
PXL_20260602_183730315.TS_dish0.mp4,44265,1503.4133749957543,130.90300066474177
PXL_20260602_183730315.TS_dish0.mp4,44265,1503.4133749957543,164.17015557085062
PXL_20260602_183730315.TS_dish0.mp4,116461,3955.473287368814,31.81383084734422
PXL_20260602_183730315.TS_dish0.mp4,116461,3955.473287368814,41.99430866527941
PXL_20260602_183730315.TS_dish0.mp4,116461,3955.473287368814,32.98515272193894
PXL_20260602_183730315.TS_dish0.mp4,136847,4647.861970587236,36.321149705268894
PXL_20260602_183730315.TS_dish0.mp4,136847,4647.861970587236,32.37772180545421
PXL_20260602_183730315.TS_dish0.mp4,136847,4647.861970587236,47.431897047939785
PXL_20260602_183730315.TS_dish0.mp4,136847,4647.861970587236,36.12552937116515
PXL_20260602_183730315.TS_dish0.mp4,136847,4647.861970587236,25.6048090385108
PXL_20260602_183730315.TS_dish0.mp4,88473,3004.890805964066,38.804076151980226
PXL_20260602_183730315.TS_dish0.mp4,88473,3004.890805964066,25.195457025535262
PXL_20260602_183730315.TS_dish0.mp4,88473,3004.890805964066,32.387289997103565
PXL_20260602_183730315.TS_dish0.mp4,88473,3004.890805964066,37.40427721417612
PXL_20260602_183730315.TS_dish0.mp4,129790,4408.178514417688,88.2257890688319
PXL_20260602_183730315.TS_dish0.mp4,129790,4408.178514417688,36.753987342502946
PXL_20260602_183730315.TS_dish0.mp4,129790,4408.178514417688,43.17195860846517
PXL_20260602_183730315.TS_dish0.mp4,129790,4408.178514417688,39.6330917682015
PXL_20260602_183730315.TS_dish0.mp4,129790,4408.178514417688,38.94638007636921
PXL_20260602_183730315.TS_dish0.mp4,135744,4610.399755459702,98.94510909594808
PXL_20260602_183730315.TS_dish0.mp4,135744,4610.399755459702,68.95983779128075
PXL_20260602_183730315.TS_dish0.mp4,135744,4610.399755459702,40.08490561543974
PXL_20260602_183730315.TS_dish0.mp4,135744,4610.399755459702,35.993549339409284
PXL_20260602_183730315.TS_dish0.mp4,89362,3035.0847400061134,46.3880466237817
PXL_20260602_183730315.TS_dish0.mp4,89362,3035.0847400061134,35.72337064468308
PXL_20260602_183730315.TS_dish0.mp4,89362,3035.0847400061134,16.679444926771644
PXL_20260602_183730315.TS_dish0.mp4,103641,3520.0557008457017,34.21949437597635
PXL_20260602_183730315.TS_dish0.mp4,103641,3520.0557008457017,32.28947784455788
PXL_20260602_183730315.TS_dish0.mp4,103641,3520.0557008457017,20.709366793909116
PXL_20260602_183730315.TS_dish0.mp4,86762,2946.7785212104745,156.20350816185754
PXL_20260602_183730315.TS_dish0.mp4,86762,2946.7785212104745,45.21115215063973
PXL_20260602_183730315.TS_dish0.mp4,86762,2946.7785212104745,51.42861618704565
PXL_20260602_183730315.TS_dish0.mp4,86762,2946.7785212104745,29.843307622001813
PXL_20260602_183730315.TS_dish0.mp4,116425,3954.2505858777977,29.854225736533476
PXL_20260602_183730315.TS_dish0.mp4,116425,3954.2505858777977,35.55194089430662
PXL_20260602_183730315.TS_dish0.mp4,116425,3954.2505858777977,25.292920146048296
PXL_20260602_183730315.TS_dish0.mp4,154926,5261.895866589682,35.447873024347885
PXL_20260602_183730315.TS_dish0.mp4,154926,5261.895866589682,61.12306943147111
PXL_20260602_183730315.TS_dish0.mp4,154926,5261.895866589682,239.28023024663045
PXL_20260602_183730315.TS_dish0.mp4,154926,5261.895866589682,26.50755668915335
